issue,toilet_id,name,addr,raw_dong,legal_dong,admin_dong
MISSING_DONG_MAPPING,NMG-0001,21센츄리 상가,부산광역시 남구 수영로 312,대연동,대연동,
MISSING_DONG_MAPPING,NMG-0002,대연지구대 공중화장실,부산광역시 남구 수영로 328,대연동,대연동,
MISSING_DONG_MAPPING,NMG-0003,인터지스 주유소,부산광역시 남구 신선로 173,감만동,감만동,
MISSING_DONG_MAPPING,NMG-0008,부산분포우체국,부산광역시 남구 신선로 566-1,용호동,용호동,
MISSING_DONG_MAPPING,NMG-0011,이기대공원 공룡발자국 공중화장실,부산광역시 남구 이기대공원로 105-15,용호동,용호동,
MISSING_DONG_MAPPING,NMG-0012,백운포테니스장 입구 공중화장실,부산광역시 남구 백운포로 34,용호동,용호동,
MISSING_DONG_MAPPING,NMG-0013,백운포체육공원(마사구장) 공중화장실,부산광역시 남구 백운포로 64,용호동,용호동,
MISSING_DONG_MAPPING,NMG-0014,해파랑길 관광안내소,부산광역시 남구 오륙도로 137,용호동,용호동,
MISSING_DONG_MAPPING,NMG-0015,부경대학교 미래관,부산광역시 남구 용소로 45,대연동,대연동,
MISSING_DONG_MAPPING,NMG-0016,부경대학교 환경해양관,부산광역시 남구 용소로 45,대연동,대연동,
MISSING_DONG_MAPPING,NMG-0017,부경대학교 학술정보관,부산광역시 남구 용소로 45,대연동,대연동,
MISSING_DONG_MAPPING,NMG-0018,부경대학교 대학본부,부산광역시 남구 용소로 45,대연동,대연동,
MISSING_DONG_MAPPING,NMG-0019,부경대학교 수산과학관,부산광역시 남구 용소로 45,대연동,대연동,
MISSING_DONG_MAPPING,NMG-0020,부경대학교 자연과학1관,부산광역시 남구 용소로 45,대연동,대연동,
MISSING_DONG_MAPPING,NMG-0021,부경대학교 향파관,부산광역시 남구 용소로 45,대연동,대연동,
MISSING_DONG_MAPPING,NMG-0022,부경대학교 나래관,부산광역시 남구 용소로 45,대연동,대연동,
MISSING_DONG_MAPPING,NMG-0023,부경대학교 장영실관,부산광역시 남구 용소로 45,대연동,대연동,
MISSING_DONG_MAPPING,NMG-0024,부경대학교 해양공동연구관,부산광역시 남구 용소로 45,대연동,대연동,
MISSING_DONG_MAPPING,NMG-0025,부경대학교 건축관,부산광역시 남구 용소로 45,대연동,대연동,
MISSING_DONG_MAPPING,NMG-0026,부경대학교 호연관,부산광역시 남구 용소로 45,대연동,대연동,
MISSING_DONG_MAPPING,NMG-0027,부경대학교 자연과학2관,부산광역시 남구 용소로 45,대연동,대연동,
MISSING_DONG_MAPPING,NMG-0028,부경대학교 누리관,부산광역시 남구 용소로 45,대연동,대연동,
MISSING_DONG_MAPPING,NMG-0029,부경대학교 웅비관,부산광역시 남구 용소로 45,대연동,대연동,
MISSING_DONG_MAPPING,NMG-0031,대동골문화센터 3층,부산광역시 남구 황령대로319번가길 147,대연동,대연동,
MISSING_DONG_MAPPING,NMG-0032,가람아트홀,부산광역시 남구 유엔평화로76번길 26,대연동,대연동,
MISSING_DONG_MAPPING,NMG-0033,부산문화회관 전시실,부산광역시 남구 유엔평화로 76번길 1,대연동,대연동,
MISSING_DONG_MAPPING,NMG-0034,부산문화회관 다듬채,부산광역시 남구 유엔평화로 76번길 1,대연동,대연동,
MISSING_DONG_MAPPING,NMG-0035,부산문화회관 중극장,부산광역시 남구 유엔평화로 76번길 1,대연동,대연동,
MISSING_DONG_MAPPING,NMG-0036,부산문화회관 챔버홀,부산광역시 남구 유엔평화로 76번길 1,대연동,대연동,
MISSING_DONG_MAPPING,NMG-0037,부산문화회관 사랑채,부산광역시 남구 유엔평화로 76번길 1,대연동,대연동,
MISSING_DONG_MAPPING,NMG-0038,부산문화회관 부설주차장,부산광역시 남구 유엔평화로 76번길 60,대연동,대연동,
MISSING_DONG_MAPPING,NMG-0039,경성대부경대(동명대) 지하철역,부산광역시 남구 수영로 지하 324,대연동,대연동,
MISSING_DONG_MAPPING,NMG-0040,대연(부산고려병원) 지하철역,부산광역시 남구 수영로 지하 242,대연동,대연동,
MISSING_DONG_MAPPING,NMG-0041,못골(남구청) 지하철역,부산광역시 남구 수영로 지하 170,대연동,대연동,
MISSING_DONG_MAPPING,NMG-0042,지게골 지하철역,부산광역시 남구 수영로 지하 70,문현동,문현동,
MISSING_DONG_MAPPING,NMG-0043,문현 지하철역,부산광역시 남구 전포대로 지하 17,문현동,문현동,
MISSING_DONG_MAPPING,NMG-0044,"국제금융센터,부산은행 지하철역",부산광역시 남구 전포대로 지하 97,문현동,문현동,
MISSING_DONG_MAPPING,NMG-0046,부산광역시 여성회관 화장실,부산광역시 남구 수영로 356,대연동,대연동,
MISSING_DONG_MAPPING,NMG-0047,대연수목전시원 화장실,부산광역시 남구 신선로 447번길 24,대연동,대연동,
MISSING_DONG_MAPPING,NMG-0049,부산박물관 동래관1층,부산광역시 남구 유엔평화로 63,대연동,대연동,
MISSING_DONG_MAPPING,NMG-0050,부산박물관 동래관지하,부산광역시 남구 유엔평화로 63,대연동,대연동,
MISSING_DONG_MAPPING,NMG-0051,부산박물관 부산관1층,부산광역시 남구 유엔평화로 63,대연동,대연동,
MISSING_DONG_MAPPING,NMG-0052,부산박물관 부산관2층,부산광역시 남구 유엔평화로 63,대연동,대연동,
MISSING_DONG_MAPPING,NMG-0053,부산박물관 야외,부산광역시 남구 유엔평화로 63,대연동,대연동,
MISSING_DONG_MAPPING,NMG-0054,부산박물관 부산관지하,부산광역시 남구 유엔평화로 63,대연동,대연동,
MISSING_DONG_MAPPING,NMG-0055,부산박물관 부산관장애인화장실,부산광역시 남구 유엔평화로 63,대연동,대연동,
MISSING_DONG_MAPPING,NMG-0056,부산박물관 보존관리동1층,부산광역시 남구 유엔평화로 63,대연동,대연동,
MISSING_DONG_MAPPING,NMG-0057,부산박물관 보존관리동2층,부산광역시 남구 유엔평화로 63,대연동,대연동,
MISSING_DONG_MAPPING,NMG-0058,부산환경공단 남부사업소 정문,부산광역시 남구 이기대공원로11,용호동,용호동,
MISSING_DONG_MAPPING,NMG-0059,환경공단남부사업소공원중앙광장,부산광역시 남구 이기대공원로11,용호동,용호동,
MISSING_DONG_MAPPING,NMG-0060,환경공단남부사업소그라운드골프,부산광역시 남구 이기대공원로11,용호동,용호동,
MISSING_DONG_MAPPING,NMG-0063,대동골문화센터 2층,부산광역시 남구 황령대로319번가길 147,대연동,대연동,
MISSING_DONG_MAPPING,NMG-0064,부산남구문화원 2층,부산광역시 남구 신선로 566-2,용호동,용호동,
MISSING_DONG_MAPPING,NMG-0065,부산남구문화원 3층,부산광역시 남구 신선로 566-2,용호동,용호동,
MISSING_DONG_MAPPING,NMG-0066,하늘바람소극장,부산광역시 남구 용소로13번길 17,대연동,대연동,
MISSING_DONG_MAPPING,NMG-0067,초콜릿팩토리,부산광역시 남구 수영로 298,대연동,대연동,
MISSING_DONG_MAPPING,NMG-0068,드림씨어터 1층 화장실,부산광역시 남구 전포대로 133 ,문현동,문현동,
MISSING_DONG_MAPPING,NMG-0069,드림씨어터 1층 가족화장실,부산광역시 남구 전포대로 133 ,문현동,문현동,
MISSING_DONG_MAPPING,NMG-0070,드림씨어터 1층 장애인화장실,부산광역시 남구 전포대로 133 ,문현동,문현동,
MISSING_DONG_MAPPING,NMG-0071,드림씨어터 2층 장애인화장실,부산광역시 남구 전포대로 133 ,문현동,문현동,
MISSING_DONG_MAPPING,NMG-0072,드림씨어터 3층 화장실,부산광역시 남구 전포대로 133 ,문현동,문현동,
MISSING_DONG_MAPPING,NMG-0073,부경대학교 수상레저관,부산광역시 남구 용소로 45,대연동,대연동,
MISSING_DONG_MAPPING,NMG-0074,부경대학교 창의관,부산광역시 남구 용소로 45,대연동,대연동,
MISSING_DONG_MAPPING,NMG-0075,부경대학교 공학2관,부산광역시 남구 용소로 45,대연동,대연동,
MISSING_DONG_MAPPING,NMG-0076,부경대학교 공학1관,부산광역시 남구 용소로 45,대연동,대연동,
MISSING_DONG_MAPPING,NMG-0077,부경대학교 인문사회·경영관,부산광역시 남구 용소로 45,대연동,대연동,
MISSING_DONG_MAPPING,NMG-0078,부경대학교 가온관,부산광역시 남구 용소로 45,대연동,대연동,
MISSING_DONG_MAPPING,NMG-0079,에저또 소극장,부산광역시 남구 수영로293번길 42,대연동,대연동,
MISSING_DONG_MAPPING,NMG-0080,나다소극장,부산광역시 남구 용소로40번길 11,대연동,대연동,
MISSING_DONG_MAPPING,NMG-0081,부경대학교 충무관,부산광역시 남구 용소로 45,대연동,대연동,
MISSING_DONG_MAPPING,NMG-0082,부경대학교 청운관,부산광역시 남구 용소로 45,대연동,대연동,
MISSING_DONG_MAPPING,NMG-0083,부경대학교 동원장보고관,부산광역시 남구 용소로 45,대연동,대연동,
MISSING_DONG_MAPPING,NMG-0084,부경대학교 아름관,부산광역시 남구 용소로 45,대연동,대연동,
MISSING_DONG_MAPPING,NMG-0085,부경대학교 나비센터,부산광역시 남구 용소로 45,대연동,대연동,
MISSING_DONG_MAPPING,NMG-0086,부경대학교 위드센터,부산광역시 남구 용소로 45,대연동,대연동,
MISSING_DONG_MAPPING,NMG-0087,부경대학교 체육관,부산광역시 남구 용소로 45,대연동,대연동,
MISSING_DONG_MAPPING,NMG-0088,부경대학교 대학극장,부산광역시 남구 용소로 45,대연동,대연동,
MISSING_DONG_MAPPING,NMG-0089,부경대학교 디자인관,부산광역시 남구 용소로 45,대연동,대연동,
MISSING_DONG_MAPPING,NMG-0090,부경대학교 한울관,부산광역시 남구 용소로 45,대연동,대연동,
MISSING_DONG_MAPPING,NMG-0091,부경대학교 수산질병관리원,부산광역시 남구 용소로 45,대연동,대연동,
MISSING_DONG_MAPPING,NMG-0092,부경대학교 수조실험동,부산광역시 남구 용소로 45,대연동,대연동,
MISSING_DONG_MAPPING,NMG-0093,부경대학교 직장어린이집,부산광역시 남구 용소로 45,대연동,대연동,
MISSING_DONG_MAPPING,NMG-0094,부경대학교 양어장관리사,부산광역시 남구 용소로 45,대연동,대연동,
MISSING_DONG_MAPPING,NMG-0095,부경대학교 테니스장관리동,부산광역시 남구 용소로 45,대연동,대연동,
MISSING_DONG_MAPPING,NMG-0096,부경대학교 한미르관,부산광역시 남구 용소로 45,대연동,대연동,
MISSING_DONG_MAPPING,NMG-0097,금융단지주유소,부산광역시 남구 전포대로 75,문현동,문현동,
MISSING_DONG_MAPPING,NMG-0099,부산해바라기소극장,부산광역시 남구 용소로13번길 30,대연동,대연동,
MISSING_DONG_MAPPING,NMG-0116,황령산 벚꽃약수터,부산광역시 남구 진남로 274-27,문현동,문현동,
MISSING_DONG_MAPPING,NMG-0118,황령산 문현약수터,부산광역시 남구 진남로232번길 53-49,문현동,문현동,
MISSING_DONG_MAPPING,NMG-0119,대성주유소,부산광역시 남구 문현로 67,문현동,문현동,
MISSING_DONG_MAPPING,NMG-0120,문현지구대 공중화장실,부산광역시 남구 전포대로20번길 47,문현동,문현동,
MISSING_DONG_MAPPING,NMG-0121,문현4치안센터,부산광역시 남구 지게골로 17,대연동,대연동,
MISSING_DONG_MAPPING,NMG-0122,일제강제동원역사관 본관,부산광역시 남구 홍곡로320번길 100,대연동,대연동,
MISSING_DONG_MAPPING,NMG-0123,일제강제동원역사관 주차장,부산광역시 남구 홍곡로320번길 100,대연동,대연동,
MISSING_DONG_MAPPING,NMG-0124,유엔평화기념관,부산광역시 남구 홍곡로320번길 106,대연동,대연동,
MISSING_DONG_MAPPING,NMG-0125,사랑드림 주유소,부산광역시 남구 황령대로 343,대연동,대연동,
MISSING_DONG_MAPPING,NMG-0126,영웅주유소,부산광역시 남구 황령대로 346,대연동,대연동,
MISSING_DONG_MAPPING,NMG-0127,대일주유소,부산광역시 남구 황령대로 401-2,대연동,대연동,
MISSING_DONG_MAPPING,NMG-0128,부산남부경찰서 공중화장실,부산광역시 남구 황령대로319번가길 81,대연동,대연동,
MISSING_DONG_MAPPING,NMG-0129,감만119안전센터,부산광역시 남구 우암로 81,감만동,감만동,
MISSING_DONG_MAPPING,NMG-0134,용호종합사회복지관,부산광역시 남구 이기대공원로 7,용호동,용호동,
MISSING_DONG_MAPPING,NMG-0136,감만종합사회복지관,부산광역시 남구 우암로84-1,감만동,감만동,
MISSING_DONG_MAPPING,NMG-0138,해파랑길관광안내소장애인화장실,부산광역시 남구 오륙도로 137,용호동,용호동,
MISSING_DONG_MAPPING,NMG-0139,분포문화체육센터,부산광역시 남구 분포로 97,용호동,용호동,
MISSING_DONG_MAPPING,NMG-0140,남구 국민체육센터,부산광역시 남구 백운포로 110,용호동,용호동,
MISSING_DONG_MAPPING,NMG-0141,남구실내빙상장,부산광역시 남구 백운포로 106,용호동,용호동,
MISSING_DONG_MAPPING,NMG-0142,남부운전면허시험장 기능장,부산광역시 남구 용호로 16,용호동,용호동,
MISSING_DONG_MAPPING,NMG-0143,남부운전면허시험장 별관,부산광역시 남구 용호로 16,용호동,용호동,
MISSING_DONG_MAPPING,NMG-0144,남부운전면허시험장 본관,부산광역시 남구 용호로 16,용호동,용호동,
MISSING_DONG_MAPPING,NMG-0145,부산감만동우체국(1층),부산광역시 남구 우암로 84,감만동,감만동,
MISSING_DONG_MAPPING,NMG-0146,소원사외부화장실,부산광역시 남구 진남로96번길 56,대연동,대연동,
MISSING_DONG_MAPPING,NMG-0148,못골파출소 공중화장실,부산광역시 남구 진남로46번길 37,대연동,대연동,
MISSING_DONG_MAPPING,NMG-0149,대연119안전센터,부산광역시 남구 수영로 279,대연동,대연동,
MISSING_DONG_MAPPING,NMG-0160,남부교육지원청,부산광역시 남구 못골로 29,대연동,대연동,
MISSING_DONG_MAPPING,NMG-0161,황령산유원지 생태숲 상부 공중화장실,부산광역시 남구 진남로 274-13,문현동,문현동,
MISSING_DONG_MAPPING,NMG-0162,용호별빛공원,부산광역시 남구 분포로 66-40,용호동,용호동,
MISSING_DONG_MAPPING,NMG-0163,문현2치안센터,부산광역시 남구 전포대로 104,문현동,문현동,
MISSING_DONG_MAPPING,NMG-0164,남구도서관,부산광역시 남구 수영로267번길 61,대연동,대연동,
MISSING_DONG_MAPPING,NMG-0165,유엔평화기념관 1층 야외,부산광역시 남구 홍곡로 320번길 106,대연동,대연동,
MISSING_DONG_MAPPING,NMG-0167,남구 치매안심센터 1층,부산광역시 남구 수영로 155,대연동,대연동,
MISSING_DONG_MAPPING,NMG-0168,남구노인복지관,부산광역시 남구 못골로 97-10,대연동,대연동,
MISSING_DONG_MAPPING,NMG-0169,문현노인복지관,부산광역시 남구 고동골로 11,문현동,문현동,
MISSING_DONG_MAPPING,NMG-0170,부산대연우체국(1층),부산광역시 남구 못골로 97,대연동,대연동,
MISSING_DONG_MAPPING,NMG-0172,동명주유소,부산광역시 남구 전포대로 7,문현동,문현동,
MISSING_DONG_MAPPING,NMG-0173,부산문현동우체국(1층),부산광역시 남구 수영로 56,문현동,문현동,
MISSING_DONG_MAPPING,NMG-0174,부산문화회관 대극장,부산광역시 남구 유엔평화로 76번길 1,대연동,대연동,
MISSING_DONG_MAPPING,NMG-0181,용호1치안센터,부산광역시 남구 용호로42번길 27,용호동,용호동,
MISSING_DONG_MAPPING,NMG-0182,문현주유소,부산광역시 남구 우암로 374,문현동,문현동,
MISSING_DONG_MAPPING,NMG-0184,감만파출소 공중화장실,부산광역시 남구 우암로 86,감만동,감만동,
MISSING_DONG_MAPPING,NMG-0185,삼화주유소,부산광역시 남구 우암로 92,감만동,감만동,
MISSING_DONG_MAPPING,NMG-0188,황령산유원지 생태숲,부산광역시 남구 진남로 268,문현동,문현동,
MISSING_DONG_MAPPING,NMG-0190,평화공원,부산광역시 남구 신선로447번길 10,대연동,대연동,
MISSING_DONG_MAPPING,NMG-0191,유엔조각공원,부산광역시 남구 유엔평화로 93,대연동,대연동,
MISSING_DONG_MAPPING,NMG-0192,유엔기념공원주차장,부산광역시 남구 유엔평화로 93,대연동,대연동,
MISSING_DONG_MAPPING,NMG-0194,우룡산공원,부산광역시 남구 신정번영로31번길 26-40,대연동,대연동,
MISSING_DONG_MAPPING,NMG-0195,황령산 편백단지,부산광역시 남구 황령산로 391-40,대연동,대연동,
MISSING_DONG_MAPPING,NMG-0196,황령산 봉수대,부산광역시 남구 황령산로 391-40,대연동,대연동,
MISSING_DONG_MAPPING,NMG-0197,황령산 바람고개,부산광역시 남구 황령대로319번가길 158-32,대연동,대연동,
MISSING_DONG_MAPPING,NMG-0200,부산 남구청,부산광역시 남구 못골로 19,대연동,대연동,
MISSING_DONG_MAPPING,NMG-0201,(주)용호시장,부산광역시 남구 동명로152번길 93,용호동,용호동,
MISSING_DONG_MAPPING,NMG-0202,매일주유소,부산광역시 남구 수영로 22,문현동,문현동,
MISSING_DONG_MAPPING,NMG-0203,대연4치안센터,부산광역시 남구 유엔로 152,대연동,대연동,
MISSING_DONG_MAPPING,NMG-0204,문화주유소,부산광역시 남구 유엔로 155,대연동,대연동,
MISSING_DONG_MAPPING,NMG-0205,광안대교주유소,부산광역시 남구 유엔로 202,대연동,대연동,
MISSING_DONG_MAPPING,NMG-0206,백운포체육공원 공중화장실,부산광역시 남구 백운포로 104,용호동,용호동,
MISSING_DONG_MAPPING,NMG-0207,용호동 섶자리,부산광역시 남구 섶자리길 111,용호동,용호동,
MISSING_DONG_MAPPING,NMG-0209,장자산체육공원,부산광역시 남구 이기대공원로 11,용호동,용호동,
MISSING_DONG_MAPPING,NMG-0210,신선대 입구 임도,부산광역시 남구 신선대산복로174번길 280,용호동,용호동,
MISSING_DONG_MAPPING,NMG-0211,이기대공원매점옆 공중화장실,부산광역시 남구 이기대공원로 105-19,용호동,용호동,
MISSING_DONG_MAPPING,NMG-0212,이기대공원관리초소입구 공중화장실,부산광역시 남구 이기대공원로 105,용호동,용호동,
MISSING_DONG_MAPPING,NMG-0214,유선정 체육공원,부산광역시 남구 신선대산복로 135,용호동,용호동,
MISSING_DONG_MAPPING,NMG-0215,이기대공원큰고개쉼터 공중화장실,부산광역시 남구 이기대공원로 269,용호동,용호동,
MISSING_DONG_MAPPING,NMG-0216,분포셀프주유소,부산광역시 남구 용호로 116,용호동,용호동,
MISSING_DONG_MAPPING,NMG-0217,부산용호동우체국(1층),부산광역시 남구 용호로 163,용호동,용호동,
MISSING_DONG_MAPPING,NMG-0218,구도일주유소용호,부산광역시 남구 용호로 172,용호동,용호동,
MISSING_DONG_MAPPING,NMG-0219,비치주유소,부산광역시 남구 용호로 60,용호동,용호동,
MISSING_DONG_MAPPING,NMG-0220,용호3치안센터,부산광역시 남구 용호로159번길 15,용호동,용호동,
MISSING_DONG_MAPPING,NMG-0221,부산시립박물관 외부화장실,부산광역시 남구 유엔평화로 63,대연동,대연동,
MISSING_DONG_MAPPING,NMG-0222,대연1치안센터,부산광역시 남구 유엔평화로13번길 63,대연동,대연동,
MISSING_DONG_MAPPING,NMG-0223,남부교육지원청,부산광역시 남구 못골로 29,대연동,대연동,
MISSING_DONG_MAPPING,NMG-0225,남구보건소,부산광역시 남구 못골로 23,대연동,대연동,
MISSING_DONG_MAPPING,NMG-0232,부산시립박물관 제2전시관,부산광역시 남구 유엔평화로 63,대연동,대연동,
MISSING_DONG_MAPPING,NMG-0233,굿오일주유소,부산광역시 남구 북항로 108,감만동,감만동,
MISSING_DONG_MAPPING,NMG-0234,용호지구대 공중화장실,부산광역시 남구 분포로 1,용호동,용호동,
MISSING_DONG_MAPPING,NMG-0237,광진LPG충전소,부산광역시 남구 수영로 212,대연동,대연동,
