toilet_id,name,addr,lat,lng,male_wc,female_wc,male_wc_disabled,female_wc_disabled,accessible,district,dong
NMG-0001,21센츄리 상가,부산광역시 남구 수영로 312,35.13759,129.10092,13,6,0,0,0,남구,대연동
NMG-0002,대연지구대 공중화장실,부산광역시 남구 수영로 328,35.13809,129.10186,3,2,1,1,1,남구,대연동
NMG-0003,인터지스 주유소,부산광역시 남구 신선로 173,35.11106,129.08380,4,2,0,0,0,남구,감만동
NMG-0004,북항대소 주유소,부산광역시 남구 신선로 316,35.11433,129.09596,2,1,0,0,0,남구,용당동
NMG-0005,북부산세관,부산광역시 남구 신선로 325,35.11494,129.09416,5,2,0,0,0,남구,용당동
NMG-0006,(주)세일부산항주유소,부산광역시 남구 신선로 387,35.12045,129.09749,2,2,0,0,0,남구,용당동
NMG-0007,경인주유소,부산광역시 남구 신선로 448,35.12499,129.10052,3,21,0,0,0,남구,용당동
NMG-0008,부산분포우체국,부산광역시 남구 신선로 566-1,35.13084,129.11190,2,1,0,0,0,남구,용호동
NMG-0009,문수사 입구 공중화장실,부산광역시 남구 홍곡로336번길 41,35.122245,129.091656,5,5,0,0,0,남구,용당동
NMG-0010,신선대유원지 중턱 공중화장실,부산광역시 남구 신선대산복로174번길 78,35.103781,129.101306,2,2,0,0,0,남구,용당동
NMG-0011,이기대공원 공룡발자국 공중화장실,부산광역시 남구 이기대공원로 105-15,35.123882,129.122218,3,2,0,0,0,남구,용호동
NMG-0012,백운포테니스장 입구 공중화장실,부산광역시 남구 백운포로 34,35.10429,129.111141,5,5,1,1,1,남구,용호동
NMG-0013,백운포체육공원(마사구장) 공중화장실,부산광역시 남구 백운포로 64,35.102877,129.112053,4,3,1,1,1,남구,용호동
NMG-0014,해파랑길 관광안내소,부산광역시 남구 오륙도로 137,35.101558,129.122909,5,7,0,0,0,남구,용호동
NMG-0015,부경대학교 미래관,부산광역시 남구 용소로 45,35.134032,129.1031735,40,43,5,5,1,남구,대연동
NMG-0016,부경대학교 환경해양관,부산광역시 남구 용소로 45,35.134032,129.1031735,71,59,1,1,1,남구,대연동
NMG-0017,부경대학교 학술정보관,부산광역시 남구 용소로 45,35.134032,129.1031735,80,36,3,3,1,남구,대연동
NMG-0018,부경대학교 대학본부,부산광역시 남구 용소로 45,35.134032,129.1031735,29,24,1,1,1,남구,대연동
NMG-0019,부경대학교 수산과학관,부산광역시 남구 용소로 45,35.134032,129.1031735,70,29,0,0,0,남구,대연동
NMG-0020,부경대학교 자연과학1관,부산광역시 남구 용소로 45,35.134032,129.1031735,81,30,0,0,0,남구,대연동
NMG-0021,부경대학교 향파관,부산광역시 남구 용소로 45,35.134032,129.1031735,74,43,0,0,0,남구,대연동
NMG-0022,부경대학교 나래관,부산광역시 남구 용소로 45,35.134032,129.1031735,52,18,0,0,0,남구,대연동
NMG-0023,부경대학교 장영실관,부산광역시 남구 용소로 45,35.134032,129.1031735,38,17,0,0,0,남구,대연동
NMG-0024,부경대학교 해양공동연구관,부산광역시 남구 용소로 45,35.134032,129.1031735,60,25,0,0,0,남구,대연동
NMG-0025,부경대학교 건축관,부산광역시 남구 용소로 45,35.134032,129.1031735,48,20,0,0,0,남구,대연동
NMG-0026,부경대학교 호연관,부산광역시 남구 용소로 45,35.134032,129.1031735,88,34,0,0,0,남구,대연동
NMG-0027,부경대학교 자연과학2관,부산광역시 남구 용소로 45,35.134032,129.1031735,62,23,0,0,0,남구,대연동
NMG-0028,부경대학교 누리관,부산광역시 남구 용소로 45,35.134032,129.1031735,55,20,0,0,0,남구,대연동
NMG-0029,부경대학교 웅비관,부산광역시 남구 용소로 45,35.134032,129.1031735,33,26,1,1,1,남구,대연동
NMG-0030,우암로셀프주유소,부산광역시 남구 우암로 232,35.12556,129.07151,2,1,0,0,0,남구,우암동
NMG-0031,대동골문화센터 3층,부산광역시 남구 황령대로319번가길 147,35.15243,129.08899,4,4,0,0,0,남구,대연동
NMG-0032,가람아트홀,부산광역시 남구 유엔평화로76번길 26,35.12785,129.09274,5,2,0,0,0,남구,대연동
NMG-0033,부산문화회관 전시실,부산광역시 남구 유엔평화로 76번길 1,35.1273138,129.093468,5,3,0,0,0,남구,대연동
NMG-0034,부산문화회관 다듬채,부산광역시 남구 유엔평화로 76번길 1,35.1267636,129.0929446,4,4,2,1,1,남구,대연동
NMG-0035,부산문화회관 중극장,부산광역시 남구 유엔평화로 76번길 1,35.1269388,129.0942594,34,30,2,1,1,남구,대연동
NMG-0036,부산문화회관 챔버홀,부산광역시 남구 유엔평화로 76번길 1,35.1278979,129.0936366,16,7,2,1,1,남구,대연동
NMG-0037,부산문화회관 사랑채,부산광역시 남구 유엔평화로 76번길 1,35.1278979,129.0936366,4,3,0,0,0,남구,대연동
NMG-0038,부산문화회관 부설주차장,부산광역시 남구 유엔평화로 76번길 60,35.1260629,129.0928445,7,4,1,0,1,남구,대연동
NMG-0039,경성대부경대(동명대) 지하철역,부산광역시 남구 수영로 지하 324,35.137585,129.100548,9,5,1,1,1,남구,대연동
NMG-0040,대연(부산고려병원) 지하철역,부산광역시 남구 수영로 지하 242,35.135153,129.092161,9,4,1,1,1,남구,대연동
NMG-0041,못골(남구청) 지하철역,부산광역시 남구 수영로 지하 170,35.134731,129.084415,10,5,1,1,1,남구,대연동
NMG-0042,지게골 지하철역,부산광역시 남구 수영로 지하 70,35.135574,129.074365,11,6,2,1,1,남구,문현동
NMG-0043,문현 지하철역,부산광역시 남구 전포대로 지하 17,35.139151,129.067399,10,5,1,1,1,남구,문현동
NMG-0044,"국제금융센터,부산은행 지하철역",부산광역시 남구 전포대로 지하 97,35.145817,129.066755,12,5,1,1,1,남구,문현동
NMG-0045,대연운전자 휴게소(남/녀),부산광역시 남구 대연5동 산71-0번지,35.142368,129.085969,8,5,1,1,1,남구,대연동
NMG-0046,부산광역시 여성회관 화장실,부산광역시 남구 수영로 356,35.13913034,129.1045446,24,28,6,1,1,남구,대연동
NMG-0047,대연수목전시원 화장실,부산광역시 남구 신선로 447번길 24,35.125,129.098,2,4,0,0,0,남구,대연동
NMG-0048,부산지식산업센터 우암점 화장실,부산광역시 남구 신선로2,35.121467,129.077383,22,20,2,1,1,남구,우암동
NMG-0049,부산박물관 동래관1층,부산광역시 남구 유엔평화로 63,35.1295608,129.0940856,5,3,1,0,1,남구,대연동
NMG-0050,부산박물관 동래관지하,부산광역시 남구 유엔평화로 63,35.1295608,129.0940856,4,3,1,1,1,남구,대연동
NMG-0051,부산박물관 부산관1층,부산광역시 남구 유엔평화로 63,35.1295608,129.0940856,11,4,2,1,1,남구,대연동
NMG-0052,부산박물관 부산관2층,부산광역시 남구 유엔평화로 63,35.1295608,129.0940856,11,4,1,0,1,남구,대연동
NMG-0053,부산박물관 야외,부산광역시 남구 유엔평화로 63,35.1295608,129.0940856,7,3,1,0,1,남구,대연동
NMG-0054,부산박물관 부산관지하,부산광역시 남구 유엔평화로 63,35.1295608,129.0940856,5,5,0,0,0,남구,대연동
NMG-0055,부산박물관 부산관장애인화장실,부산광역시 남구 유엔평화로 63,35.1295608,129.0940856,0,0,3,3,1,남구,대연동
NMG-0056,부산박물관 보존관리동1층,부산광역시 남구 유엔평화로 63,35.1295608,129.0940856,0,1,2,1,1,남구,대연동
NMG-0057,부산박물관 보존관리동2층,부산광역시 남구 유엔평화로 63,35.1295608,129.0940856,2,2,0,0,0,남구,대연동
NMG-0058,부산환경공단 남부사업소 정문,부산광역시 남구 이기대공원로11,35.1249,129.114,4,3,2,1,1,남구,용호동
NMG-0059,환경공단남부사업소공원중앙광장,부산광역시 남구 이기대공원로11,35.1262,129.1149,9,4,2,1,1,남구,용호동
NMG-0060,환경공단남부사업소그라운드골프,부산광역시 남구 이기대공원로11,35.1275,129.1173,3,3,0,0,0,남구,용호동
NMG-0061,대한통운컨테이너터미널,부산광역시 남구 신선로 294,35.11097,129.09751,8,4,0,0,0,남구,용당동
NMG-0062,대연3동행정복지센터,부산광역시 남구 수영로 345,35.14009,129.10397,5,3,0,0,0,남구,대연동
NMG-0063,대동골문화센터 2층,부산광역시 남구 황령대로319번가길 147,35.15243,129.08899,4,3,1,1,1,남구,대연동
NMG-0064,부산남구문화원 2층,부산광역시 남구 신선로 566-2,35.13070,129.11221,2,2,0,0,0,남구,용호동
NMG-0065,부산남구문화원 3층,부산광역시 남구 신선로 566-2,35.13070,129.11221,2,2,0,0,0,남구,용호동
NMG-0066,하늘바람소극장,부산광역시 남구 용소로13번길 17,35.136690,129.10225,1,1,0,0,0,남구,대연동
NMG-0067,초콜릿팩토리,부산광역시 남구 수영로 298,35.13680,129.09900,4,2,0,0,0,남구,대연동
NMG-0068,드림씨어터 1층 화장실,부산광역시 남구 전포대로 133 ,35.14856,129.06543,8,36,0,0,0,남구,문현동
NMG-0069,드림씨어터 1층 가족화장실,부산광역시 남구 전포대로 133 ,35.14856,129.06543,3,3,0,0,0,남구,문현동
NMG-0070,드림씨어터 1층 장애인화장실,부산광역시 남구 전포대로 133 ,35.14856,129.06543,0,0,1,1,1,남구,문현동
NMG-0071,드림씨어터 2층 장애인화장실,부산광역시 남구 전포대로 133 ,35.14856,129.06543,0,0,1,1,1,남구,문현동
NMG-0072,드림씨어터 3층 화장실,부산광역시 남구 전포대로 133 ,35.14856,129.06543,9,6,0,0,0,남구,문현동
NMG-0073,부경대학교 수상레저관,부산광역시 남구 용소로 45,35.134032,129.1031735,33,28,1,1,1,남구,대연동
NMG-0074,부경대학교 창의관,부산광역시 남구 용소로 45,35.134032,129.1031735,87,106,1,1,1,남구,대연동
NMG-0075,부경대학교 공학2관,부산광역시 남구 용소로 45,35.134032,129.1031735,93,102,13,13,1,남구,대연동
NMG-0076,부경대학교 공학1관,부산광역시 남구 용소로 45,35.134032,129.1031735,91,91,13,13,1,남구,대연동
NMG-0077,부경대학교 인문사회·경영관,부산광역시 남구 용소로 45,35.134032,129.1031735,132,35,2,2,1,남구,대연동
NMG-0078,부경대학교 가온관,부산광역시 남구 용소로 45,35.134032,129.1031735,53,35,1,1,1,남구,대연동
NMG-0079,에저또 소극장,부산광역시 남구 수영로293번길 42,35.13836,129.09733,1,1,0,0,0,남구,대연동
NMG-0080,나다소극장,부산광역시 남구 용소로40번길 11,35.13658,129.10081,1,1,0,0,0,남구,대연동
NMG-0081,부경대학교 충무관,부산광역시 남구 용소로 45,35.134032,129.1031735,42,21,0,0,0,남구,대연동
NMG-0082,부경대학교 청운관,부산광역시 남구 용소로 45,35.134032,129.1031735,28,24,1,1,1,남구,대연동
NMG-0083,부경대학교 동원장보고관,부산광역시 남구 용소로 45,35.134032,129.1031735,22,16,1,1,1,남구,대연동
NMG-0084,부경대학교 아름관,부산광역시 남구 용소로 45,35.134032,129.1031735,18,9,0,0,0,남구,대연동
NMG-0085,부경대학교 나비센터,부산광역시 남구 용소로 45,35.134032,129.1031735,26,11,0,0,0,남구,대연동
NMG-0086,부경대학교 위드센터,부산광역시 남구 용소로 45,35.134032,129.1031735,20,8,0,0,0,남구,대연동
NMG-0087,부경대학교 체육관,부산광역시 남구 용소로 45,35.134032,129.1031735,9,4,0,0,0,남구,대연동
NMG-0088,부경대학교 대학극장,부산광역시 남구 용소로 45,35.134032,129.1031735,21,11,0,0,0,남구,대연동
NMG-0089,부경대학교 디자인관,부산광역시 남구 용소로 45,35.134032,129.1031735,9,6,0,0,0,남구,대연동
NMG-0090,부경대학교 한울관,부산광역시 남구 용소로 45,35.134032,129.1031735,6,2,0,0,0,남구,대연동
NMG-0091,부경대학교 수산질병관리원,부산광역시 남구 용소로 45,35.134032,129.1031735,4,2,0,0,0,남구,대연동
NMG-0092,부경대학교 수조실험동,부산광역시 남구 용소로 45,35.134032,129.1031735,5,2,0,0,0,남구,대연동
NMG-0093,부경대학교 직장어린이집,부산광역시 남구 용소로 45,35.134032,129.1031735,14,6,0,0,0,남구,대연동
NMG-0094,부경대학교 양어장관리사,부산광역시 남구 용소로 45,35.134032,129.1031735,5,1,0,0,0,남구,대연동
NMG-0095,부경대학교 테니스장관리동,부산광역시 남구 용소로 45,35.134032,129.1031735,3,2,0,0,0,남구,대연동
NMG-0096,부경대학교 한미르관,부산광역시 남구 용소로 45,35.134032,129.1031735,129,43,0,0,0,남구,대연동
NMG-0097,금융단지주유소,부산광역시 남구 전포대로 75,35.14377,129.06644,3,1,0,0,0,남구,문현동
NMG-0098,부산대연4동우체국(1층),부산광역시 남구 석포로 107,35.12749,129.09019,2,1,1,0,1,남구,대연동
NMG-0099,부산해바라기소극장,부산광역시 남구 용소로13번길 30,35.13695,129.10228,1,2,0,0,0,남구,대연동
NMG-0100,부경대학교 공학관(행정관),부산광역시 남구 신선로 365,35.1173955,129.0923084,29,9,0,0,0,남구,용당동
NMG-0101,부경대학교 창업보육센터,부산광역시 남구 신선로 365,35.1173955,129.0923084,20,10,0,0,0,남구,용당동
NMG-0102,부경대학교 공학종합실습센터,부산광역시 남구 신선로 365,35.1173955,129.0923084,14,4,0,0,0,남구,용당동
NMG-0103,부경대학교 종합복지관,부산광역시 남구 신선로 365,35.1173955,129.0923084,21,9,0,0,0,남구,용당동
NMG-0104,부경대학교 산학협력관,부산광역시 남구 신선로 365,35.1173955,129.0923084,20,7,0,0,0,남구,용당동
NMG-0105,부경대학교 9공학관,부산광역시 남구 신선로 365,35.1173955,129.0923084,20,4,0,0,0,남구,용당동
NMG-0106,부경대학교 10공학관,부산광역시 남구 신선로 365,35.1173955,129.0923084,70,21,0,0,0,남구,용당동
NMG-0107,부경대학교 8공학관,부산광역시 남구 신선로 365,35.1173955,129.0923084,31,6,0,0,0,남구,용당동
NMG-0108,부경대학교 7공학관,부산광역시 남구 신선로 365,35.1173955,129.0923084,50,13,0,0,0,남구,용당동
NMG-0109,부경대학교 6공학관,부산광역시 남구 신선로 365,35.1173955,129.0923084,20,2,0,0,0,남구,용당동
NMG-0110,부경대학교 공학도서관,부산광역시 남구 신선로 365,35.1173955,129.0923084,46,2,0,0,0,남구,용당동
NMG-0111,부경대학교 5공학관,부산광역시 남구 신선로 365,35.1173955,129.0923084,24,8,0,0,0,남구,용당동
NMG-0112,부경대학교 4공학관,부산광역시 남구 신선로 365,35.1173955,129.0923084,24,4,0,0,0,남구,용당동
NMG-0113,부경대학교 3공학관,부산광역시 남구 신선로 365,35.1173955,129.0923084,20,4,0,0,0,남구,용당동
NMG-0114,부경대학교 2공학관,부산광역시 남구 신선로 365,35.1173955,129.0923084,17,2,0,0,0,남구,용당동
NMG-0115,문현4동 체육공원 공중화장실,부산광역시 남구 장고개로104번길 55-13,35.132298,129.071315,2,2,0,0,0,남구,문현동
NMG-0116,황령산 벚꽃약수터,부산광역시 남구 진남로 274-27,35.148146,129.076313,2,2,0,0,0,남구,문현동
NMG-0117,문현1동 체육공원,부산광역시 남구 진남로198번길 77-15,35.147124,129.08077,2,2,0,0,0,남구,문현동
NMG-0118,황령산 문현약수터,부산광역시 남구 진남로232번길 53-49,35.149138,129.080654,2,1,0,0,0,남구,문현동
NMG-0119,대성주유소,부산광역시 남구 문현로 67,35.14399,129.07641,4,0,0,0,0,남구,문현동
NMG-0120,문현지구대 공중화장실,부산광역시 남구 전포대로20번길 47,35.13912,129.06979,2,1,2,1,1,남구,문현동
NMG-0121,문현4치안센터,부산광역시 남구 지게골로 17,35.13615,129.06774,2,0,0,0,0,남구,대연동
NMG-0122,일제강제동원역사관 본관,부산광역시 남구 홍곡로320번길 100,35.12523,129.09241,23,26,6,1,1,남구,대연동
NMG-0123,일제강제동원역사관 주차장,부산광역시 남구 홍곡로320번길 100,35.12523,129.09241,4,2,1,0,1,남구,대연동
NMG-0124,유엔평화기념관,부산광역시 남구 홍곡로320번길 106,35.15242,129.08322,21,27,3,3,1,남구,대연동
NMG-0125,사랑드림 주유소,부산광역시 남구 황령대로 343,35.14755,129.09579,22,1,0,0,0,남구,대연동
NMG-0126,영웅주유소,부산광역시 남구 황령대로 346,35.14677,129.09565,3,1,0,0,0,남구,대연동
NMG-0127,대일주유소,부산광역시 남구 황령대로 401-2,35.14441,129.10100,3,1,0,0,0,남구,대연동
NMG-0128,부산남부경찰서 공중화장실,부산광역시 남구 황령대로319번가길 81,35.15314,129.08963,10,7,3,1,1,남구,대연동
NMG-0129,감만119안전센터,부산광역시 남구 우암로 81,35.17311,129.09421,3,0,0,0,0,남구,감만동
NMG-0130,한국산업인력공단부산남부지사,부산광역시 남구 신선로 454-18 ,35.12542,129.10133,32,24,4,2,1,남구,용당동
NMG-0131,내트럭부산용당사업소주유소,부산광역시 남구 신선로 261,35.11219,129.09372,3,2,0,0,0,남구,용당동
NMG-0132,용당파출소 공중화장실,부산광역시 남구 신선로 318,35.12109,129.08656,2,1,0,0,0,남구,용당동
NMG-0133,용당동 복합청사,부산광역시 남구 신선로 396,35.12041,129.09851,7,9,2,2,1,남구,용당동
NMG-0134,용호종합사회복지관,부산광역시 남구 이기대공원로 7,35.12464,129.11345,10,5,1,1,1,남구,용호동
NMG-0135,남구종합사회복지관,부산광역시 남구 동제당로 258,35.12746,129.07448,11,2,3,0,1,남구,우암동
NMG-0136,감만종합사회복지관,부산광역시 남구 우암로84-1,35.11847,129.08159,5,5,2,0,1,남구,감만동
NMG-0137,부산 용당세관 화장실,부산광역시 남구 신선로 325,35.11488,129.09424,9,11,5,3,1,남구,용당동
NMG-0138,해파랑길관광안내소장애인화장실,부산광역시 남구 오륙도로 137,35.1015,129.12311,1,1,1,1,1,남구,용호동
NMG-0139,분포문화체육센터,부산광역시 남구 분포로 97,35.13222,129.11525,16,4,16,4,1,남구,용호동
NMG-0140,남구 국민체육센터,부산광역시 남구 백운포로 110,35.10400,129.10837,17,18,1,1,1,남구,용호동
NMG-0141,남구실내빙상장,부산광역시 남구 백운포로 106,35.10349,129.11050,15,8,3,2,1,남구,용호동
NMG-0142,남부운전면허시험장 기능장,부산광역시 남구 용호로 16,35.12770,129.10565,17,7,1,0,1,남구,용호동
NMG-0143,남부운전면허시험장 별관,부산광역시 남구 용호로 16,35.12770,129.10565,19,10,2,0,1,남구,용호동
NMG-0144,남부운전면허시험장 본관,부산광역시 남구 용호로 16,35.12770,129.10565,53,18,3,1,1,남구,용호동
NMG-0145,부산감만동우체국(1층),부산광역시 남구 우암로 84,35.11826,129.08094,2,0,0,1,1,남구,감만동
NMG-0146,소원사외부화장실,부산광역시 남구 진남로96번길 56,35.14019,129.08388,1,1,0,0,0,남구,대연동
NMG-0147,대연5동행정복지센터,부산광역시 남구 진남로46번길 7,35.13866,129.09015,5,2,0,1,1,남구,대연동
NMG-0148,못골파출소 공중화장실,부산광역시 남구 진남로46번길 37,35.1398,129.09004,0,0,2,1,1,남구,대연동
NMG-0149,대연119안전센터,부산광역시 남구 수영로 279,35.13638,129.09709,3,0,0,0,0,남구,대연동
NMG-0150,반도주유소,부산광역시 남구 신선로 442 ,35.12448,129.10020,2,1,0,0,0,남구,용당동
NMG-0151,용당119안전센터,부산광역시 남구 신선로 398,35.12082,129.09863,7,0,0,0,0,남구,용당동
NMG-0152,용당CY주유소,부산광역시 남구 신선로 392,35.12039,129.09831,3,2,0,0,0,남구,용당동
NMG-0153,은마주유소,부산광역시 남구 신선로 351,35.11778,129.09536,4,2,0,0,0,남구,용당동
NMG-0154,용당세관 공중화장실,부산광역시 남구 신선로 325,35.11492,129.09422,2,2,0,0,0,남구,용당동
NMG-0155,우암주유소,부산광역시 남구 우암로 204,35.12514,129.07466,3,1,0,0,0,남구,우암동
NMG-0156,우암동 복합청사,부산광역시 남구 동제당로 368,35.12504,129.07696,7,4,5,5,1,남구,우암동
NMG-0157,우암파출소 공중화장실,부산광역시 남구 우암로 170,35.12480,129.07815,2,1,0,0,0,남구,우암동
NMG-0158,용호1동현장민원실(1층),부산광역시 남구 신선로 566-2,35.13050,129.11208,3,2,1,0,1,남구,용호동
NMG-0159,용호1동행정복지센터,부산광역시 남구 용호로42번길 140,35.12083,129.10904,4,3,2,1,1,남구,용호동
NMG-0160,남부교육지원청,부산광역시 남구 못골로 29,35.13638,129.08549,15,9,0,0,0,남구,대연동
NMG-0161,황령산유원지 생태숲 상부 공중화장실,부산광역시 남구 진남로 274-13,35.15002,129.07487,1,2,2,1,1,남구,문현동
NMG-0162,용호별빛공원,부산광역시 남구 분포로 66-40,35.13301,129.12020,3,4,2,1,1,남구,용호동
NMG-0163,문현2치안센터,부산광역시 남구 전포대로 104,35.14618,129.06714,2,0,0,0,0,남구,문현동
NMG-0164,남구도서관,부산광역시 남구 수영로267번길 61,35.1376985,129.0923943,37,14,2,2,1,남구,대연동
NMG-0165,유엔평화기념관 1층 야외,부산광역시 남구 홍곡로 320번길 106,35.124894,129.093482,3,2,0,0,0,남구,대연동
NMG-0166,용호3동 마을건강센터,부산광역시 남구 동명로164번길 40,35.11745,129.11414,2,1,0,0,0,남구,용호동
NMG-0167,남구 치매안심센터 1층,부산광역시 남구 수영로 155,35.13515,129.08357,2,1,2,1,1,남구,대연동
NMG-0168,남구노인복지관,부산광역시 남구 못골로 97-10,35.13634,129.09324,10,10,3,3,1,남구,대연동
NMG-0169,문현노인복지관,부산광역시 남구 고동골로 11,35.13813,129.07091,16,12,2,2,1,남구,문현동
NMG-0170,부산대연우체국(1층),부산광역시 남구 못골로 97,35.13591,129.09319,2,2,1,0,1,남구,대연동
NMG-0171,문현2동행정복지센터,부산광역시 남구 전포대로92번길 31-7,35.14551,129.06864,2,2,1,1,1,남구,문현동
NMG-0172,동명주유소,부산광역시 남구 전포대로 7,35.15602,129.06598,2,0,0,0,0,남구,문현동
NMG-0173,부산문현동우체국(1층),부산광역시 남구 수영로 56,35.13601,129.07339,2,1,0,0,0,남구,문현동
NMG-0174,부산문화회관 대극장,부산광역시 남구 유엔평화로 76번길 1,35.1273138,129.093468,43,54,2,1,1,남구,대연동
NMG-0175,용당터미널주유소,부산광역시 남구 신선로 252,35.11052,129.09227,3,2,0,0,0,남구,용당동
NMG-0176,부경대학교 1공학관,부산광역시 남구 신선로 365,35.1173955,129.0923084,19,3,0,0,0,남구,용당동
NMG-0177,부경대학교 학생회관,부산광역시 남구 신선로 365,35.1173955,129.0923084,20,4,0,0,0,남구,용당동
NMG-0178,부경대학교 교양관,부산광역시 남구 신선로 365,35.1173955,129.0923084,35,15,0,0,0,남구,용당동
NMG-0179,부경대학교 수산가공연구센터,부산광역시 남구 신선로 365,35.1173955,129.0923084,13,7,0,0,0,남구,용당동
NMG-0180,우암동 체육공원,부산광역시 남구 동제당로 250,35.128337,129.074221,2,2,0,0,0,남구,우암동
NMG-0181,용호1치안센터,부산광역시 남구 용호로42번길 27,35.12572,129.10951,1,1,0,0,0,남구,용호동
NMG-0182,문현주유소,부산광역시 남구 우암로 374,35.13548,129.06798,4,0,0,0,0,남구,문현동
NMG-0183,감만1동행정복지센터,부산광역시 남구 우암로 71-7,35.11692,129.08071,4,2,0,0,0,남구,감만동
NMG-0184,감만파출소 공중화장실,부산광역시 남구 우암로 86,35.11839,129.08077,2,1,1,0,1,남구,감만동
NMG-0185,삼화주유소,부산광역시 남구 우암로 92,35.11869,129.08069,4,0,0,0,0,남구,감만동
NMG-0186,부경대학교 학군단,부산광역시 남구 신선로 365,35.1173955,129.0923084,8,3,0,0,0,남구,용당동
NMG-0187,감만2동행정복지센터,부산광역시 남구 석포로 32-1,35.12264,129.08456,4,1,1,0,1,남구,감만동
NMG-0188,황령산유원지 생태숲,부산광역시 남구 진남로 268,35.149429,129.074032,3,3,1,1,1,남구,문현동
NMG-0189,문현3동행정복지센터,부산광역시 남구 고동골로4번길 7-18,35.13827,129.07169,3,4,1,0,1,남구,문현동
NMG-0190,평화공원,부산광역시 남구 신선로447번길 10,35.125346,129.099555,6,6,1,1,1,남구,대연동
NMG-0191,유엔조각공원,부산광역시 남구 유엔평화로 93,35.12929,129.098055,8,7,1,1,1,남구,대연동
NMG-0192,유엔기념공원주차장,부산광역시 남구 유엔평화로 93,35.127172,129.095864,5,2,1,1,1,남구,대연동
NMG-0193,대연5동 체육공원,부산광역시 남구 못골번영로71번길 29,35.140924,129.086828,2,1,0,0,0,남구,대연동
NMG-0194,우룡산공원,부산광역시 남구 신정번영로31번길 26-40,35.131481,129.081294,2,2,0,0,0,남구,대연동
NMG-0195,황령산 편백단지,부산광역시 남구 황령산로 391-40,35.156545,129.083998,2,2,0,0,0,남구,대연동
NMG-0196,황령산 봉수대,부산광역시 남구 황령산로 391-40,35.156545,129.083955,3,2,0,0,0,남구,대연동
NMG-0197,황령산 바람고개,부산광역시 남구 황령대로319번가길 158-32,35.150129,129.08357,2,2,0,0,0,남구,대연동
NMG-0198,동명불원,부산광역시 남구 동명로 57,35.11993,129.10387,4,5,1,1,1,남구,용당동
NMG-0199,대연6동행정복지센터,부산광역시 남구 못골로 13,35.13745,129.08320,20,12,4,4,1,남구,대연동
NMG-0200,부산 남구청,부산광역시 남구 못골로 19,35.13657,129.08437,65,58,7,7,1,남구,대연동
NMG-0201,(주)용호시장,부산광역시 남구 동명로152번길 93,35.115019,129.112777,10,7,2,1,1,남구,용호동
NMG-0202,매일주유소,부산광역시 남구 수영로 22,35.136581,129.070025,2,0,0,0,0,남구,문현동
NMG-0203,대연4치안센터,부산광역시 남구 유엔로 152,35.12972,129.09368,2,0,1,0,1,남구,대연동
NMG-0204,문화주유소,부산광역시 남구 유엔로 155,35.13052,129.09305,3,1,0,0,0,남구,대연동
NMG-0205,광안대교주유소,부산광역시 남구 유엔로 202,35.13002,129.09840,2,2,0,0,0,남구,대연동
NMG-0206,백운포체육공원 공중화장실,부산광역시 남구 백운포로 104,35.103482,129.110691,4,3,1,1,1,남구,용호동
NMG-0207,용호동 섶자리,부산광역시 남구 섶자리길 111,35.129284,129.117371,2,2,1,1,1,남구,용호동
NMG-0208,용호2동 체육공원,부산광역시 남구 용호로231번길 128-48,35.112942,129.11715,2,2,0,0,0,남구,용호동
NMG-0209,장자산체육공원,부산광역시 남구 이기대공원로 11,35.123586,129.119245,2,1,0,0,0,남구,용호동
NMG-0210,신선대 입구 임도,부산광역시 남구 신선대산복로174번길 280,35.105642,129.104677,2,2,0,0,0,남구,용호동
NMG-0211,이기대공원매점옆 공중화장실,부산광역시 남구 이기대공원로 105-19,35.122006,129.124162,3,2,0,0,0,남구,용호동
NMG-0212,이기대공원관리초소입구 공중화장실,부산광역시 남구 이기대공원로 105,35.122673,129.122445,3,3,1,1,1,남구,용호동
NMG-0213,용호1동 체육공원,부산광역시 남구 동명로101번길 37-13,35.121331,129.105992,2,2,0,0,0,남구,용호동
NMG-0214,유선정 체육공원,부산광역시 남구 신선대산복로 135,35.109595,129.106931,2,2,0,0,0,남구,용호동
NMG-0215,이기대공원큰고개쉼터 공중화장실,부산광역시 남구 이기대공원로 269,35.113161,129.122315,3,3,0,0,0,남구,용호동
NMG-0216,분포셀프주유소,부산광역시 남구 용호로 116,35.12226,129.11198,3,2,0,0,0,남구,용호동
NMG-0217,부산용호동우체국(1층),부산광역시 남구 용호로 163,35.11767,129.11165,2,1,1,0,1,남구,용호동
NMG-0218,구도일주유소용호,부산광역시 남구 용호로 172,35.11731,129.11093,2,1,0,0,0,남구,용호동
NMG-0219,비치주유소,부산광역시 남구 용호로 60,35.12595,129.11041,2,2,0,0,0,남구,용호동
NMG-0220,용호3치안센터,부산광역시 남구 용호로159번길 15,35.11809,129.11247,3,0,0,0,0,남구,용호동
NMG-0221,부산시립박물관 외부화장실,부산광역시 남구 유엔평화로 63,35.12970,129.09382,8,3,0,0,0,남구,대연동
NMG-0222,대연1치안센터,부산광역시 남구 유엔평화로13번길 63,35.13411,129.09555,2,0,0,0,0,남구,대연동
NMG-0223,남부교육지원청,부산광역시 남구 못골로 29,35.13630,129.08546,10,6,1,1,1,남구,대연동
NMG-0224,용호2동행정복지센터,부산광역시 남구 용호로197번길 41,35.11502,129.11340,4,1,1,1,1,남구,용호동
NMG-0225,남구보건소,부산광역시 남구 못골로 23,35.13619,129.08502,25,10,3,3,1,남구,대연동
NMG-0226,용호3동행정복지센터,부산광역시 남구 동명로145번길 33,35.12112,129.11278,4,1,1,1,1,남구,용호동
NMG-0227,용호4동행정복지센터,부산광역시 남구 용호로216번길 10,35.11340,129.11032,7,1,0,0,0,남구,용호동
NMG-0228,문현1동 행정복지센터,부산광역시 남구 고동골로60번길 1,35.14265,129.07144,4,1,1,0,0,남구,문현동
NMG-0229,문현4동 주민복합센터,부산광역시 남구 장고개로 79,35.13233,129.06992,5,3,0,0,0,남구,문현동
NMG-0230,성지셀프주유소,부산광역시 남구 유엔로 42,35.12717,129.08154,3,1,0,0,0,남구,우암동
NMG-0231,대연1동행정복지센터,부산광역시 남구 유엔평화로 24,35.13308,129.09161,13,13,1,1,1,남구,대연동
NMG-0232,부산시립박물관 제2전시관,부산광역시 남구 유엔평화로 63,35.12970,129.09372,27,11,1,0,1,남구,대연동
NMG-0233,굿오일주유소,부산광역시 남구 북항로 108,35.10908,129.08204,2,1,0,0,0,남구,감만동
NMG-0234,용호지구대 공중화장실,부산광역시 남구 분포로 1,35.12556,129.11237,2,1,1,1,1,남구,용호동
NMG-0235,대연4동행정복지센터,부산광역시 남구 석포로91번길 96,35.13002,129.09130,4,3,1,1,1,남구,용호동
NMG-0236,문현4동행정복지센터,부산광역시 남구 수영로 12,35.13636,129.06903,4,2,1,1,1,남구,문현동
NMG-0237,광진LPG충전소,부산광역시 남구 수영로 212,35.13483,129.08967,7,1,0,0,0,남구,대연동